,Using Meta,Just Images,Delta,Conf,McNemar p-value,Final acc_using_meta,Final acc_just_images,Final p_1,Final theta_2,Final CI_2,Final p_2
0,0.6609371802741969,0.6621649273582976,-0.0012277470841006752,"(-0.005629937296385612, 0.0031744665940536265)",0.6163914414677185,0.6574648197320425,0.6604729487460295,0.0036089351738615503,-0.003008103462388475,"(-0.005033617538040769, -0.000982577214946323)",0.003835790600050436
1,0.6559238796807858,0.6593001841620626,-0.003376304481276857,"(-0.007917406742906863, 0.0011648664497294625)",0.1576372256942039,0.6574648197320425,0.6604729487460295,0.0036089351738615503,-0.003008103462388475,"(-0.005033617538040769, -0.000982577214946323)",0.003835790600050436
2,0.6647227337835072,0.6678944137507673,-0.0031716799672600778,"(-0.007703979854204124, 0.0013606841772939582)",0.18441398999139433,0.6574648197320425,0.6604729487460295,0.0036089351738615503,-0.003008103462388475,"(-0.005033617538040769, -0.000982577214946323)",0.003835790600050436
3,0.6505678911286197,0.6549677683413486,-0.004399877212728947,"(-0.008976373945054017, 0.00017671040859656983)",0.0656572276706236,0.6574648197320425,0.6604729487460295,0.0036089351738615503,-0.003008103462388475,"(-0.005033617538040769, -0.000982577214946323)",0.003835790600050436
4,0.6551724137931034,0.6580374501176711,-0.0028650363245676866,"(-0.007455188183290273, 0.0017251750703164426)",0.2381698947129922,0.6574648197320425,0.6604729487460295,0.0036089351738615503,-0.003008103462388475,"(-0.005033617538040769, -0.000982577214946323)",0.003835790600050436
