,Using Meta,Just Images,Delta,Conf,McNemar p-value,Final acc_using_meta,Final acc_just_images,Final p_1,Final theta_2,Final CI_2,Final p_2
0,0.5877839165131983,0.6621649273582976,-0.07438101084509924,"(-0.0818195584208401, -0.06693837932855284)",6.2232225012873886e-86,0.5941721083324429,0.6604729487460295,0.0,-0.06630105590570516,"(-0.06966612258702787, -0.06293524534433026)",0.0
1,0.5907509719664416,0.6593001841620626,-0.06854921219562103,"(-0.07612478419530855, -0.06096973991368537)",1.7849333789562345e-70,0.5941721083324429,0.6604729487460295,0.0,-0.06630105590570516,"(-0.06966612258702787, -0.06293524534433026)",0.0
2,0.6013914466953141,0.6678944137507673,-0.06650296705545325,"(-0.07411220281543418, -0.0588899148456834)",8.110306589316844e-66,0.5941721083324429,0.6604729487460295,0.0,-0.06630105590570516,"(-0.06966612258702787, -0.06293524534433026)",0.0
3,0.5954159418806917,0.6549677683413486,-0.05955182646065691,"(-0.06698185847440286, -0.05211853905824959)",1.1536568388414252e-55,0.5941721083324429,0.6604729487460295,0.0,-0.06630105590570516,"(-0.06966612258702787, -0.06293524534433026)",0.0
4,0.5955182646065691,0.6580374501176711,-0.06251918551110201,"(-0.07007639697789181, -0.054958437052477604)",3.785854739522185e-59,0.5941721083324429,0.6604729487460295,0.0,-0.06630105590570516,"(-0.06966612258702787, -0.06293524534433026)",0.0
