,Using Meta,Just Images,Delta,Conf,McNemar p-value,Final acc_using_meta,Final acc_just_images,Final p_1,Final theta_2,Final CI_2,Final p_2
0,0.6632903621853898,0.6621649273582976,0.0011254348270922857,"(-0.0003882801628891652, 0.0026391472738025445)",0.18485048241641844,0.6621304638414581,0.6604729487460295,1.602370550448883e-06,0.0016575263976426292,"(0.0009806031607664245, 0.002334448885514817)",1.847728501701e-06
1,0.6623695518723143,0.6593001841620626,0.003069367710251688,"(0.0014169692836651926, 0.004721757871442245)",0.00035795527161316536,0.6621304638414581,0.6604729487460295,1.602370550448883e-06,0.0016575263976426292,"(0.0009806031607664245, 0.002334448885514817)",1.847728501701e-06
2,0.6692244730918764,0.6678944137507673,0.0013300593411090648,"(-0.00020992491670035474, 0.002870040487986447)",0.11747735024505848,0.6621304638414581,0.6604729487460295,1.602370550448883e-06,0.0016575263976426292,"(0.0009806031607664245, 0.002334448885514817)",1.847728501701e-06
3,0.6556840274224905,0.6549677683413486,0.0007162590811419216,"(-0.0006584914728383628, 0.0020910083000584834)",0.38169339766321275,0.6621304638414581,0.6604729487460295,1.602370550448883e-06,0.0016575263976426292,"(0.0009806031607664245, 0.002334448885514817)",1.847728501701e-06
4,0.6600839046352195,0.6580374501176711,0.0020464545175483476,"(0.0005733593667314185, 0.0035195452886234158)",0.009073340339587174,0.6621304638414581,0.6604729487460295,1.602370550448883e-06,0.0016575263976426292,"(0.0009806031607664245, 0.002334448885514817)",1.847728501701e-06
