,Using Meta,Just Images,Delta,Conf,McNemar p-value,Final acc_using_meta,Final acc_just_images,Final p_1,Final theta_2,Final CI_2,Final p_2
0,0.6581747493349703,0.6621649273582976,-0.003990178023327195,"(-0.008423554363613195, 0.0004432756674668248)",0.08561584266937511,0.6570146667389437,0.6604729487460295,0.00086315056280826,-0.003458295817303757,"(-0.005492469541878098, -0.0014241079793493316)",0.000922799097162865
1,0.655719255166769,0.6593001841620626,-0.0035809289952936363,"(-0.008192255579813401, 0.001030472690557005)",0.13926415988506952,0.6570146667389437,0.6604729487460295,0.00086315056280826,-0.003458295817303757,"(-0.005492469541878098, -0.0014241079793493316)",0.000922799097162865
2,0.6644157970124821,0.6678944137507673,-0.0034786167382852467,"(-0.00805057138769194, 0.0010934096260966086)",0.1477851088611091,0.6570146667389437,0.6604729487460295,0.00086315056280826,-0.003458295817303757,"(-0.005492469541878098, -0.0014241079793493316)",0.000922799097162865
3,0.651386472935639,0.6549677683413486,-0.0035812954057096082,"(-0.00807830607326665, 0.0009157866930302738)",0.12944070862982093,0.6570146667389437,0.6604729487460295,0.00086315056280826,-0.003458295817303757,"(-0.005492469541878098, -0.0014241079793493316)",0.000922799097162865
4,0.6553770592448582,0.6580374501176711,-0.002660390872812852,"(-0.0072855045490508585, 0.001964778932271649)",0.2784017092142914,0.6570146667389437,0.6604729487460295,0.00086315056280826,-0.003458295817303757,"(-0.005492469541878098, -0.0014241079793493316)",0.000922799097162865
