,Using Meta,Just images,Delta,McNemar p-value,Final CI,Final p
0,0.6521383261714754,0.6513198281154082,0.0008184980560671518,0.3580197188228158,1.065217391304348,0.3020282281097738
1,0.6601186822181297,0.6582770615919787,0.0018416206261510082,0.023103393801764092,1.065217391304348,0.3020282281097738
2,0.6657458563535912,0.6651319828115408,0.0006138735420503361,0.47048642205878954,1.065217391304348,0.3020282281097738
3,0.6619257137010129,0.6617210682492581,0.00020464545175480353,0.897278961260083,1.065217391304348,0.3020282281097738
4,0.665097718203213,0.6642791363961936,0.0008185818070193251,0.3020282281097738,1.065217391304348,0.3020282281097738
