,Using Meta,Just images,Delta,McNemar p-value,Final CI,Final p
0,0.6632903621853898,0.6621649273582976,0.0011254348270922643,0.14512035720693284,23.021052631578947,1.602370550448883e-06
1,0.6623695518723143,0.6593001841620626,0.0030693677102516803,0.0002747267638079425,23.021052631578947,1.602370550448883e-06
2,0.6692244730918764,0.6678944137507673,0.00133005934110908,0.09055909266543158,23.021052631578947,1.602370550448883e-06
3,0.6556840274224905,0.6549677683413486,0.0007162590811419234,0.30722840973069376,23.021052631578947,1.602370550448883e-06
4,0.6600839046352195,0.6580374501176711,0.0020464545175483684,0.0064955862571790335,23.021052631578947,1.602370550448883e-06
