,Using Meta,Just Images,Delta,Conf,McNemar p-value,Final acc_using_meta,Final acc_just_images,Final p_1,Final theta_2,Final CI_2,Final p_2
0,0.6802741968487824,0.673316963372212,0.006957233476570493,"(0.003702086353851275, 0.010212307892522254)",3.399669629810233e-05,0.6819594649160037,0.6748587158077054,8.662620241267374e-23,0.007100761234345584,"(0.005685863912513689, 0.008515644535900257)",6.075161812131609e-23
1,0.6842643748721097,0.6773071413955392,0.006957233476570493,"(0.003906118304639161, 0.010008284770529396)",9.481607559751952e-06,0.6819594649160037,0.6748587158077054,8.662620241267374e-23,0.007100761234345584,"(0.005685863912513689, 0.008515644535900257)",6.075161812131609e-23
2,0.6862083077552691,0.6782279517086147,0.00798035604665439,"(0.004852124465836827, 0.011108510604100008)",6.690714132888579e-07,0.6819594649160037,0.6748587158077054,8.662620241267374e-23,0.007100761234345584,"(0.005685863912513689, 0.008515644535900257)",6.075161812131609e-23
3,0.6823902588764965,0.6779903816637676,0.004399877212728947,"(0.0012749875221702567, 0.007524724529428983)",0.006930917143856752,0.6819594649160037,0.6748587158077054,8.662620241267374e-23,0.007100761234345584,"(0.005685863912513689, 0.008515644535900257)",6.075161812131609e-23
4,0.6766601862273611,0.6674511408983935,0.009209045328967564,"(0.005955751361459871, 0.012462243163824382)",3.204019216374859e-08,0.6819594649160037,0.6748587158077054,8.662620241267374e-23,0.007100761234345584,"(0.005685863912513689, 0.008515644535900257)",6.075161812131609e-23
