,Using Meta,Just Images,Delta,Conf,McNemar p-value,Final acc_using_meta,Final acc_just_images,Final p_1,Final theta_2,Final CI_2,Final p_2
0,0.6246163290362186,0.6230816451810927,0.001534683855125844,"(-0.003557765337390939, 0.006627093795952721)",0.5814967708797507,0.6273430129752628,0.6266473147528915,0.5447804522262811,0.0006957518212327086,"(-0.0015559494445969158, 0.002947449608015962)",0.5566813232981163
1,0.6248209535502354,0.625537139349294,-0.0007161857990587272,"(-0.005656388338047158, 0.004224033978647235)",0.8076173435145451,0.6273430129752628,0.6266473147528915,0.5447804522262811,0.0006957518212327086,"(-0.0015559494445969158, 0.002947449608015962)",0.5566813232981163
2,0.6342336811950071,0.6303458154286884,0.003887865766318805,"(-0.0009903801762624065, 0.008766020460556634)",0.1282669720164741,0.6273430129752628,0.6266473147528915,0.5447804522262811,0.0006957518212327086,"(-0.0015559494445969158, 0.002947449608015962)",0.5566813232981163
3,0.6301033459531362,0.6274429550803233,0.002660390872812852,"(-0.0024363583711349834, 0.007757071958646389)",0.32530855532862,0.6273430129752628,0.6266473147528915,0.5447804522262811,0.0006957518212327086,"(-0.0015559494445969158, 0.002947449608015962)",0.5566813232981163
4,0.622940755141717,0.6268290187250588,-0.0038882635833418604,"(-0.009047359099209284, 0.001270934004473201)",0.15036623534705562,0.6273430129752628,0.6266473147528915,0.5447804522262811,0.0006957518212327086,"(-0.0015559494445969158, 0.002947449608015962)",0.5566813232981163
