,accuracy,balacc,f1score,cosine,jaccard
0,0.028237162138378236,0.04899248313039006,0.07346421202918968,0.07500677247762239,0.06202324345187976
