,Using Meta,Just Images,Delta,Conf,McNemar p-value,Final acc_using_meta,Final acc_just_images,Final p_1,Final theta_2,Final CI_2,Final p_2
0,0.7200736648250461,0.7160834868017188,0.003990178023327195,"(0.001956671974182811, 0.006023667799335275)",0.00015323388084216913,0.719939432986372,0.7158058712390666,3.873477943458058e-17,0.00413358434967668,"(0.00317171487361656, 0.005095450053934858)",2.612691423172449e-17
1,0.7155719255166769,0.7114794352363413,0.0040924902803355845,"(0.0019158087852635397, 0.006269152652013554)",0.0002927402227399969,0.719939432986372,0.7158058712390666,3.873477943458058e-17,0.00413358434967668,"(0.00317171487361656, 0.005095450053934858)",2.612691423172449e-17
2,0.7239615305913648,0.7185389809699202,0.005422549621444649,"(0.0031832552054644747, 0.007661817219926537)",2.365541980930822e-06,0.719939432986372,0.7158058712390666,3.873477943458058e-17,0.00413358434967668,"(0.00317171487361656, 0.005095450053934858)",2.612691423172449e-17
3,0.7231147037757086,0.7204543129028957,0.002660390872812852,"(0.0005769949199767588, 0.004743775436915509)",0.01574929114912747,0.719939432986372,0.7158058712390666,3.873477943458058e-17,0.00413358434967668,"(0.00317171487361656, 0.005095450053934858)",2.612691423172449e-17
4,0.7169753402230635,0.7124731402844572,0.004502199938606365,"(0.0022889674893897816, 0.006715410637393893)",8.407391840775641e-05,0.719939432986372,0.7158058712390666,3.873477943458058e-17,0.00413358434967668,"(0.00317171487361656, 0.005095450053934858)",2.612691423172449e-17
