,Using Meta,Just Images,Delta,Conf,McNemar p-value,Final acc_using_meta,Final acc_just_images,Final p_1,Final theta_2,Final CI_2,Final p_2
0,0.6804788213627992,0.6732146511152036,0.007264170247595662,"(0.0039908074188981235, 0.010537456309614335)",1.6494009300373766e-05,0.6819185316381052,0.6747768680958725,7.298609522980343e-23,0.007141687812065155,"(0.0057211334863045415, 0.008562227923750276)",5.1187277390327894e-23
1,0.6840597503580929,0.677000204624514,0.007059545733578883,"(0.00397575154564711, 0.010143273708191902)",8.719288711338068e-06,0.6819185316381052,0.6747768680958725,7.298609522980343e-23,0.007141687812065155,"(0.0057211334863045415, 0.008562227923750276)",5.1187277390327894e-23
2,0.6864129322692859,0.6781256394516063,0.008287292817679558,"(0.005178715503491693, 0.011395791147642775)",1.9852538445596586e-07,0.6819185316381052,0.6747768680958725,7.298609522980343e-23,0.007141687812065155,"(0.0057211334863045415, 0.008562227923750276)",5.1187277390327894e-23
3,0.6820832906988642,0.6776834134861353,0.004399877212728947,"(0.001287883855035643, 0.007511828545592403)",0.006699308380625589,0.6819185316381052,0.6747768680958725,7.298609522980343e-23,0.007141687812065155,"(0.0057211334863045415, 0.008562227923750276)",5.1187277390327894e-23
4,0.6765578635014837,0.6678604318019032,0.008697431699580477,"(0.005400611061123328, 0.011994159101104795)",2.6987384799864957e-07,0.6819185316381052,0.6747768680958725,7.298609522980343e-23,0.007141687812065155,"(0.0057211334863045415, 0.008562227923750276)",5.1187277390327894e-23
