,Using Meta,Just Images,Delta,Conf,McNemar p-value,Final acc_using_meta,Final acc_just_images,Final p_1,Final theta_2,Final CI_2,Final p_2
0,0.6503990178023327,0.6480458358911397,0.002353181911192961,"(-0.002249790392944595, 0.00695610504337818)",0.33790026100768045,0.6538020493062374,0.6515304952606279,0.034319113690143614,0.0022714250634361956,"(0.00016791112966796362, 0.004374929084912882)",0.03595354509356077
1,0.6508082668303663,0.6529568242275424,-0.002148557397176182,"(-0.006734018784102513, 0.0024369485458093365)",0.38184286545048884,0.6538020493062374,0.6515304952606279,0.034319113690143614,0.0022714250634361956,"(0.00016791112966796362, 0.004374929084912882)",0.03595354509356077
2,0.6616533660732555,0.6613464293022304,0.0003069367710251688,"(-0.004339714745715373, 0.004953581751697467)",0.9312334700647068,0.6538020493062374,0.6515304952606279,0.034319113690143614,0.0022714250634361956,"(0.00016791112966796362, 0.004374929084912882)",0.03595354509356077
3,0.6531259592755551,0.6473958866264198,0.005730072649135373,"(0.0008934178833508444, 0.010566595212150087)",0.022536759307258358,0.6538020493062374,0.6515304952606279,0.034319113690143614,0.0022714250634361956,"(0.00016791112966796362, 0.004374929084912882)",0.03595354509356077
4,0.6530236365496777,0.6479075002558068,0.005116136293870869,"(0.00027921805772157526, 0.009952936479412422)",0.0421510080914025,0.6538020493062374,0.6515304952606279,0.034319113690143614,0.0022714250634361956,"(0.00016791112966796362, 0.004374929084912882)",0.03595354509356077
