,Using Meta,Just Images,Delta,Conf,McNemar p-value,Final acc_using_meta,Final acc_just_images,Final p_1,Final theta_2,Final CI_2,Final p_2
0,0.6588909351340291,0.6589932473910375,-0.0001023122570083896,"(-0.0035695905333765765, 0.0033649672324553848)",1.0,0.6630719732023753,0.6622534730525343,0.29450739368010714,0.0008185315543914218,"(-0.0007118337086117199, 0.002348894926770484)",0.30674290763990075
1,0.6602209944751382,0.6579701248209535,0.0022508696541845715,"(-0.0012450090256154178, 0.00574672120410602)",0.22836536858400497,0.6630719732023753,0.6622534730525343,0.29450739368010714,0.0008185315543914218,"(-0.0007118337086117199, 0.002348894926770484)",0.30674290763990075
2,0.6689175363208513,0.6670759156947003,0.001841620626151013,"(-0.0015134981720479335, 0.005196718978714765)",0.3096519366844883,0.6630719732023753,0.6622534730525343,0.29450739368010714,0.0008185315543914218,"(-0.0007118337086117199, 0.002348894926770484)",0.30674290763990075
3,0.6626419727821549,0.6625396500562775,0.00010232272587741738,"(-0.003399931001290546, 0.003604575215226724)",1.0,0.6630719732023753,0.6622534730525343,0.29450739368010714,0.0008185315543914218,"(-0.0007118337086117199, 0.002348894926770484)",0.30674290763990075
4,0.6646884272997032,0.6646884272997032,0.0,"(-0.003282956399606185, 0.003282956399606185)",1.0486931129598382,0.6630719732023753,0.6622534730525343,0.29450739368010714,0.0008185315543914218,"(-0.0007118337086117199, 0.002348894926770484)",0.30674290763990075
