,Using Meta,Just Images,Delta,Conf,McNemar p-value,Final acc_using_meta,Final acc_just_images,Final p_1,Final theta_2,Final CI_2,Final p_2
0,0.7277470841006752,0.7269285860446082,0.0008184980560671168,"(-3.207362170332129e-05, 0.00166906914986642)",0.09625244140625,0.7280838048040844,0.7270810881535095,4.974495951054897e-07,0.0010027011541294917,"(0.0006118884873134167, 0.0013935136699052553)",4.757482385242055e-07
1,0.722938408021281,0.7222222222222222,0.0007161857990587272,"(-0.00020259405391143126, 0.0016349650557732076)",0.18924713134765625,0.7280838048040844,0.7270810881535095,4.974495951054897e-07,0.0010027011541294917,"(0.0006118884873134167, 0.0013935136699052553)",4.757482385242055e-07
2,0.7341927562922038,0.7334765704931451,0.0007161857990587272,"(-0.00011044972663232233, 0.0015428208420935619)",0.143463134765625,0.7280838048040844,0.7270810881535095,4.974495951054897e-07,0.0010027011541294917,"(0.0006118884873134167, 0.0013935136699052553)",4.757482385242055e-07
3,0.7282308400695795,0.7264913537296633,0.0017394863399160954,"(0.0007783547293525039, 0.0027006163656906335)",0.00048828125,0.7280838048040844,0.7270810881535095,4.974495951054897e-07,0.0010027011541294917,"(0.0006118884873134167, 0.0013935136699052553)",4.757482385242055e-07
4,0.7273099355366827,0.7262867082779085,0.0010232272587741738,"(0.00022132910745442658, 0.0018251247611280608)",0.021270751953125,0.7280838048040844,0.7270810881535095,4.974495951054897e-07,0.0010027011541294917,"(0.0006118884873134167, 0.0013935136699052553)",4.757482385242055e-07
